stevilka,link,naslov_izdelka
11114526,/oprema-za-bazene/toplotna-crpalka-bazen-inverter-fuji-cop15.75-oglas-11114526,"Toplotna Črpalka za bazen inverter FUJI COP15,75"
11441695,/oprema-za-bazene/otroski-bazen-intex-244-x-198-cm-oglas-11441695,Otroški bazen Intex 244 x 198 cm
11441657,/oprema-za-bazene/intex-sesalec-oglas-11441657,Intex sesalec
9335079,/napihljivi-program-drugo/vlecna-vrv-vodne-tube-towable-rope-2-osebi-spinera-oglas-9335079,Vlečna Vrv za Vodne Tube Towable Rope 2 Osebi - Spinera
11441084,/oprema-za-bazene/podarim-lestev-bazen-oglas-11441084,Podarim lestev za bazen
11334534,/napihljivi-colni/napihljiv-coln-oglas-11334534,napihljiv čoln
11218143,/montazni-bazeni/intex-bazen-serije-family-260-x-160-x-65-cm-oglas-11218143,Intex bazen serije Family 260 x 160 x 65 cm
11440429,/napihljivi-colni/sevylor-riviera-napihljiv-coln-2-osebi-oglas-11440429,SEVYLOR RIVIERA napihljiv coln za 2 osebi
11163924,/montazni-bazeni/intex-prism-frame-488x244x107cm-pescenim-filtrom-oglas-11163924,INTEX PRISM FRAME 488X244X107CM S PEŠČENIM FILTROM
399743,/napihljivi-program-drugo/napihljiva-zoga-batman-oglas-399743,Napihljiva žoga Batman
401020,/napihljivi-program-drugo/igralni-center-z-vodnim-vulkanom-oglas-401020,Igralni center z vodnim vulkanom
11440337,/masazni-bazeni/gozdna-pot-25-slovenj-gradec-oglas-11440337,"Gozdna pot 25, Slovenj Gradec"
11440316,/napihljivi-colni/krovnica-poniter-k2-sevylor-oglas-11440316,Krovnici za Poniter K2 (Sevylor)
11347440,/napihljivi-colni/prodam-coln-intex-mariner-4-oglas-11347440,Prodam čoln Intex Mariner 4
11336847,/napihljivi-program-drugo/obroc-vleko-vodi-bd-extreme-watersport-oglas-11336847,Obroč za vleko po vodi - BD Extreme watersport
11439660,/oprema-za-bazene/sesalec-dna-bazene-oglas-11439660,Sesalec DNA za bazene
11439650,/oprema-za-bazene/pesceni-filter-steinbach-comfort-50-oglas-11439650,Peščeni filter Steinbach Comfort 50
9539443,/oprema-za-bazene/solarno-pokrivalo-intex-457cm-oglas-9539443,Solarno pokrivalo intex 457cm
11439523,/oprema-za-bazene/laze-pri-borovnici-12-oglas-11439523,Laze pri Borovnici 12
11439491,/napihljivi-program-drugo/obroc-plavanje-in-resilni-jopic-oglas-11439491,Obroč za plavanje in rešilni jopič
10027547,/napihljivi-colni/gumenjak-2.30m-aquaparx-rezervni-coln-yamaha-4-oglas-10027547,"Gumenjak 2,30m aquaparx rezervni čoln, motor yamaha 4"
3750029,/napihljivi-colni/gumijasto-kolo-kolesa-26-cm-2x-oglas-3750029,"Gumijasto kolo / kolesi 26 cm, novo, 2x"
9764366,/masazni-bazeni/jacuzzi-whirlpool-masazni-bazen-oglas-9764366,jacuzzi whirlpool masažni bazen
11337339,/napihljive-blazine/mega-flamingo-napihljiva-blazina-nerabljeno-oglas-11337339,Mega Flamingo - napihljiva blazina - nerabljeno
11324945,/napihljivi-colni/prodam-napihljiv-coln-seahawk-3-malo-rabljen-oglas-11324945,"Prodam napihljiv čoln SEAHAWK 3, malo rabljen"
4509629,/oprema-za-bazene/pokrov-bazen-oglas-4509629,Pokrov za bazen INTEX
11114526,/oprema-za-bazene/toplotna-crpalka-bazen-inverter-fuji-cop15.75-oglas-11114526,"Toplotna Črpalka za bazen inverter FUJI COP15,75"
11441695,/oprema-za-bazene/otroski-bazen-intex-244-x-198-cm-oglas-11441695,Otroški bazen Intex 244 x 198 cm
11441657,/oprema-za-bazene/intex-sesalec-oglas-11441657,Intex sesalec
9335079,/napihljivi-program-drugo/vlecna-vrv-vodne-tube-towable-rope-2-osebi-spinera-oglas-9335079,Vlečna Vrv za Vodne Tube Towable Rope 2 Osebi - Spinera
11441084,/oprema-za-bazene/podarim-lestev-bazen-oglas-11441084,Podarim lestev za bazen
11334534,/napihljivi-colni/napihljiv-coln-oglas-11334534,napihljiv čoln
11218143,/montazni-bazeni/intex-bazen-serije-family-260-x-160-x-65-cm-oglas-11218143,Intex bazen serije Family 260 x 160 x 65 cm
11440429,/napihljivi-colni/sevylor-riviera-napihljiv-coln-2-osebi-oglas-11440429,SEVYLOR RIVIERA napihljiv coln za 2 osebi
11163924,/montazni-bazeni/intex-prism-frame-488x244x107cm-pescenim-filtrom-oglas-11163924,INTEX PRISM FRAME 488X244X107CM S PEŠČENIM FILTROM
399743,/napihljivi-program-drugo/napihljiva-zoga-batman-oglas-399743,Napihljiva žoga Batman
401020,/napihljivi-program-drugo/igralni-center-z-vodnim-vulkanom-oglas-401020,Igralni center z vodnim vulkanom
11440337,/masazni-bazeni/gozdna-pot-25-slovenj-gradec-oglas-11440337,"Gozdna pot 25, Slovenj Gradec"
11440316,/napihljivi-colni/krovnica-poniter-k2-sevylor-oglas-11440316,Krovnici za Poniter K2 (Sevylor)
11347440,/napihljivi-colni/prodam-coln-intex-mariner-4-oglas-11347440,Prodam čoln Intex Mariner 4
11336847,/napihljivi-program-drugo/obroc-vleko-vodi-bd-extreme-watersport-oglas-11336847,Obroč za vleko po vodi - BD Extreme watersport
11439660,/oprema-za-bazene/sesalec-dna-bazene-oglas-11439660,Sesalec DNA za bazene
11439650,/oprema-za-bazene/pesceni-filter-steinbach-comfort-50-oglas-11439650,Peščeni filter Steinbach Comfort 50
9539443,/oprema-za-bazene/solarno-pokrivalo-intex-457cm-oglas-9539443,Solarno pokrivalo intex 457cm
11439523,/oprema-za-bazene/laze-pri-borovnici-12-oglas-11439523,Laze pri Borovnici 12
11439491,/napihljivi-program-drugo/obroc-plavanje-in-resilni-jopic-oglas-11439491,Obroč za plavanje in rešilni jopič
10027547,/napihljivi-colni/gumenjak-2.30m-aquaparx-rezervni-coln-yamaha-4-oglas-10027547,"Gumenjak 2,30m aquaparx rezervni čoln, motor yamaha 4"
3750029,/napihljivi-colni/gumijasto-kolo-kolesa-26-cm-2x-oglas-3750029,"Gumijasto kolo / kolesi 26 cm, novo, 2x"
9764366,/masazni-bazeni/jacuzzi-whirlpool-masazni-bazen-oglas-9764366,jacuzzi whirlpool masažni bazen
11337339,/napihljive-blazine/mega-flamingo-napihljiva-blazina-nerabljeno-oglas-11337339,Mega Flamingo - napihljiva blazina - nerabljeno
11324945,/napihljivi-colni/prodam-napihljiv-coln-seahawk-3-malo-rabljen-oglas-11324945,"Prodam napihljiv čoln SEAHAWK 3, malo rabljen"
4509629,/oprema-za-bazene/pokrov-bazen-oglas-4509629,Pokrov za bazen INTEX
11436117,/napihljivi-colni/prodam-gumenjaka-in-motor-oglas-11436117,Prodam gumenjaka in motor
11326874,/napihljive-blazine/nov-otroski-bazen-bazen-malcke-z-pregrinjalom-oglas-11326874,"Nov otroĹˇki bazen, bazen za malÄŤke s pregrinjalom"
11330329,/napihljivi-program-drugo/intex-napihljiv-samorog-blazina-oglas-11330329,Intex napihljiv samorog blazina
11330314,/napihljivi-program-drugo/napihljiva-igraca-geko-vodna-igraca-oglas-11330314,"Napihljiva igraca ,,smiling geckoâ€ťvodna igraca"
8276450,/oprema-za-bazene/filter-bazen-oglas-8276450,Filter za bazen
11226266,/napihljivi-colni/otroski-napihljiv-coln-vel-89x78-cm-3-oglas-11226266,"OtroĹˇki napihljiv ÄŤoln vel. 89x78 cm, za 3+"
11351834,/napihljivi-program-drugo/napihljiva-drzala-pijaco-oglas-11351834,NAPIHLJIVA DRĹ˝ALA ZA PIJAÄŚO
11305244,/montazni-bazeni/bazen-oglas-11305244,Bazen
165726,/napihljivi-program-drugo/napihljiva-blazina-zdf-oglas-165726,napihljiva blazina zdf
11434620,/napihljivi-colni/coln-kajak-2-osebi-oglas-11434620,ÄŚoln kajak za 2 osebi NOVO
11434609,/napihljivi-bazeni/otroski-bazen-oglas-11434609,Otroski bazen NOVO
4183890,/oprema-za-bazene/drzalo-pijaco-masazni-bazen-oglas-4183890,DrĹľalo za pijaÄŤo za masaĹľni bazen
11434356,/napihljivi-program-drugo/tuba-jobe-swath-2p-oglas-11434356,Tuba Jobe Swath 2P
11434347,/montazni-bazeni/bazen-457-x-110cm-komplet-bestway-oglas-11434347,Bazen 457 x 110cm komplet Bestway
11434264,/masazni-bazeni/jacuzzi-intex-pure-spa-bubble-jet-whirlpool-oglas-11434264,jacuzzi intex pure spa bubble &amp; jet whirlpool
11434156,/napihljivi-program-drugo/napihljiv-avto-oglas-11434156,Napihljiv avto
11433932,/oprema-za-bazene/prodam-bazene-lestev-podlogo-in-klor-granulat-oglas-11433932,"Prodam za bazene - lestev, NOVO podlogo in klor granulat"
4148149,/napihljivi-program-drugo/intex-set-popravilo-folije-samolepilni-oglas-4148149,"Intex, set za popravilo folije samolepilni"
10912897,/oprema-za-bazene/sesalec-dna-bazen-oglas-10912897,Sesalec DNA bazen
7578343,/oprema-za-bazene/klorinator-intex-oglas-7578343,Klorinator Intex
11410835,/montazni-bazeni/bazen-gre-oval-5x3x1.2m-toplotna-crpalka-pesceni-filter-crpalko-oglas-11410835,"Bazen Gre oval 5x3x1,2m + toplotna ÄŤrpalka + peĹˇÄŤeni filter s ÄŤrpalko"
10520791,/napihljivi-colni/coln-oglas-10520791,ÄŚoln
7440399,/oprema-za-bazene/blazina-rokavcki-obroc-zoga-bazen-oglas-7440399,"Blazina, rokavÄŤki, obroÄŤ, Ĺľoga za bazen"
9280909,/oprema-za-bazene/elektronsko-stikalo-nivo-vode-in-regulator-polnjenja-praznjenja-oglas-9280909,Elektronsko stikalo za nivo vode in regulator polnjenja/praznjenja
11432628,/montazni-bazeni/bazen-intex-366-76-postavljen-samo-en-mesec-oglas-11432628,Bazen intex 366Ă—76 postavljen  samo en mesec
9257466,/masazni-bazeni/aparat-masazo-nog-ali-drugih-potreb-tri-nastavitve-masaz-oglas-9257466,"ZniĹľano! APARAT ZA MASAĹ˝O NOG ,HRBTA itd. 5 vrst nastavitve masiranja."
10919407,/napihljivi-program-drugo/napihljiv-obroc-pijaco-oglas-10919407,Napihljiv obroÄŤ za pijaÄŤo
11330070,/napihljivi-colni/coln-oglas-11330070,ÄŚoln
11432492,/oprema-za-bazene/kupola-bazen-oglas-11432492,KUPOLA ZA BAZEN
11352208,/oprema-za-bazene/intex-crpalka-2000l-h-oglas-11352208,intex crpalka 2000l/h
11351315,/oprema-za-bazene/sesalec-bazen-oglas-11351315,sesalec za bazen
11432404,/masazni-bazeni/alpha-is560t-masazni-bazen-oglas-11432404,Alpha IS560T - MasaĹľni bazen
11432403,/masazni-bazeni/alpha-is770-masazni-bazen-oglas-11432403,Alpha IS770 - MasaĹľni bazen
11432402,/masazni-bazeni/alpha-is770t-masazni-bazen-oglas-11432402,Alpha IS770T - MasaĹľni bazen
11432401,/masazni-bazeni/gamma-sh433-masazni-bazen-oglas-11432401,Gamma SH433 - MasaĹľni bazen
11432400,/masazni-bazeni/gamma-sh434-masazni-bazen-oglas-11432400,Gamma SH434 - MasaĹľni bazen
11432398,/masazni-bazeni/gamma-sh435-masazni-bazen-oglas-11432398,Gamma SH435 - MasaĹľni bazen
11432397,/masazni-bazeni/alpha-sk306a-masazni-bazen-oglas-11432397,Alpha SK306A - MasaĹľni bazen
11432396,/masazni-bazeni/alpha-sk338a4-masazni-bazen-oglas-11432396,Alpha SK338A4 - MasaĹľni bazen
11432395,/masazni-bazeni/beta-sp635a-masazni-bazen-oglas-11432395,Beta SP635A - MasaĹľni bazen
11432394,/masazni-bazeni/beta-sp635b-masazni-bazen-oglas-11432394,Beta SP635B - MasaĹľni bazen
11432393,/masazni-bazeni/beta-sp637a-masazni-bazen-oglas-11432393,Beta SP637A - MasaĹľni bazen
11432392,/masazni-bazeni/beta-sp637b-masazni-bazen-oglas-11432392,Beta SP637B - MasaĹľni bazen
11432391,/masazni-bazeni/beta-sp638a-masazni-bazen-oglas-11432391,Beta SP638A - MasaĹľni bazen
11432390,/masazni-bazeni/beta-sp638b-masazni-bazen-oglas-11432390,Beta SP638B - MasaĹľni bazen
11432389,/masazni-bazeni/beta-sp545-masazni-bazen-oglas-11432389,Beta SP545 - MasaĹľni bazen
11432388,/masazni-bazeni/beta-sp344-masazni-bazen-oglas-11432388,Beta SP344 - MasaĹľni bazen
11432387,/masazni-bazeni/beta-sp306-masazni-bazen-oglas-11432387,Beta SP306 - MasaĹľni bazen
11432386,/masazni-bazeni/beta-sp307-masazni-bazen-oglas-11432386,Beta SP307 - MasaĹľni bazen
11432385,/masazni-bazeni/beta-sp543-masazni-bazen-oglas-11432385,Beta SP543 - MasaĹľni bazen
11432384,/masazni-bazeni/beta-sp304-masazni-bazen-oglas-11432384,Beta SP304 - MasaĹľni bazen
11432383,/masazni-bazeni/alpha-is43-protitocno-plavalni-bazen-oglas-11432383,Alpha IS43 - ProtitoÄŤno plavalni bazen
11432382,/masazni-bazeni/alpha-is55-protitocno-plavalni-bazen-oglas-11432382,Alpha IS55 - ProtitoÄŤno plavalni bazen
11432381,/masazni-bazeni/alpha-isw4000-protitocno-plavalni-bazen-oglas-11432381,Alpha ISW4000 - ProtitoÄŤno plavalni bazen
11432380,/masazni-bazeni/alpha-ip4500-protitocno-plavalni-bazen-oglas-11432380,Alpha IP4500 - ProtitoÄŤno plavalni bazen
11432379,/masazni-bazeni/alpha-sk338a3-masazni-bazen-oglas-11432379,Alpha SK338A3 - MasaĹľni bazen
11432378,/masazni-bazeni/gamma-sh436-masazni-bazen-oglas-11432378,Gamma SH436 - MasaĹľni bazen
11432377,/masazni-bazeni/gamma-sh437-masazni-bazen-oglas-11432377,Gamma SH437 - MasaĹľni bazen
11432376,/masazni-bazeni/beta-sp355-masazni-bazen-oglas-11432376,Beta SP355 - MasaĹľni bazen
11432375,/masazni-bazeni/gamma-sh438-masazni-bazen-oglas-11432375,Gamma SH438 - MasaĹľni bazen
11432374,/masazni-bazeni/gamma-sh412-masazni-bazen-oglas-11432374,Gamma SH412 - MasaĹľni bazen
11432373,/masazni-bazeni/beta-sp663-masazni-bazen-oglas-11432373,Beta SP663 - MasaĹľni bazen
11432372,/masazni-bazeni/beta-sp302-masazni-bazen-oglas-11432372,Beta SP302 - MasaĹľni bazen
11432367,/masazni-bazeni/gamma-sh441-masazni-bazen-oglas-11432367,Gamma SH441 - MasaĹľni bazen
11432360,/masazni-bazeni/beta-sp348-masazni-bazen-oglas-11432360,Beta SP348 - MasaĹľni bazen
11432359,/masazni-bazeni/gamma-sh442-masazni-bazen-oglas-11432359,Gamma SH442 - MasaĹľni bazen
11432358,/masazni-bazeni/beta-sp636a-masazni-bazen-oglas-11432358,Beta SP636A - MasaĹľni bazen
11432357,/masazni-bazeni/beta-sp636b-masazni-bazen-oglas-11432357,Beta SP636B - MasaĹľni bazen
11432346,/masazni-bazeni/beta-sp301a-masazni-bazen-oglas-11432346,Beta SP301A - MasaĹľni bazen
11432345,/masazni-bazeni/beta-sp635f-masazni-bazen-oglas-11432345,Beta SP635F - MasaĹľni bazen
11432344,/masazni-bazeni/beta-sp347-masazni-bazen-oglas-11432344,Beta SP347 - MasaĹľni bazen
11432343,/masazni-bazeni/alpha-sk339i-protitocno-plavalni-bazen-oglas-11432343,Alpha SK339I - ProtitoÄŤno plavalni bazen
11432342,/masazni-bazeni/beta-sp636f-masazni-bazen-oglas-11432342,Beta SP636F - MasaĹľni bazen
11432341,/masazni-bazeni/beta-sp637f-masazni-bazen-oglas-11432341,Beta SP637F - MasaĹľni bazen
11432339,/masazni-bazeni/beta-sp8168-protitocno-plavalni-bazen-oglas-11432339,Beta SP8168 - ProtitoÄŤno plavalni bazen
11432338,/masazni-bazeni/beta-sp538-masazni-bazen-oglas-11432338,Beta SP538 - MasaĹľni bazen
11432337,/masazni-bazeni/beta-sp388-masazni-bazen-oglas-11432337,Beta SP388 - MasaĹľni bazen
11432336,/masazni-bazeni/alpha-kg806-masazni-bazen-oglas-11432336,Alpha KG806 â€“ MasaĹľni bazen
11432331,/masazni-bazeni/alpha-jj209-protitocno-plavalni-bazen-oglas-11432331,Alpha JJ209 â€“ ProtitoÄŤno plavalni bazen
11432330,/masazni-bazeni/alpha-jj205-masazni-bazen-oglas-11432330,Alpha JJ205 - MasaĹľni bazen
11432329,/masazni-bazeni/alpha-jj210-masazni-bazen-oglas-11432329,Alpha JJ210 - MasaĹľni bazen
11432328,/masazni-bazeni/alpha-jj204-masazni-bazen-oglas-11432328,Alpha JJ204 - MasaĹľni bazen
11432327,/masazni-bazeni/alpha-jj220-masazni-bazen-oglas-11432327,Alpha JJ220 - MasaĹľni bazen
11432326,/masazni-bazeni/alpha-jj201-masazni-bazen-oglas-11432326,Alpha JJ201 - MasaĹľni bazen
11432325,/masazni-bazeni/alpha-jj202-masazni-bazen-oglas-11432325,Alpha JJ202 - MasaĹľni bazen
11432324,/masazni-bazeni/alpha-jj207-masazni-bazen-oglas-11432324,Alpha JJ207 - MasaĹľni bazen
11432323,/masazni-bazeni/alpha-jj218-protitocno-plavalni-bazen-oglas-11432323,Alpha JJ218 â€“ ProtitoÄŤno plavalni bazen
11432322,/masazni-bazeni/alpha-jj216-protitocno-plavalni-bazen-oglas-11432322,Alpha JJ216 â€“ ProtitoÄŤno plavalni bazen
11432321,/masazni-bazeni/alpha-jj203-masazni-bazen-oglas-11432321,Alpha JJ203 - MasaĹľni bazen
11295876,/oprema-za-bazene/povezovalna-cev-bazene-fi38-z-2colskim-navojem-3m-oglas-11295876,Povezovalna cev za bazene
11295885,/oprema-za-bazene/mreza-ciscenje-bazena-oglas-11295885,MreĹľa za ÄŤiĹˇÄŤenje bazena
11295901,/oprema-za-bazene/krtaca-bazene-oglas-11295901,KrtaÄŤa za bazene
11296018,/oprema-za-bazene/cevna-objemka-bazen-oglas-11296018,Cevna objemka za bazen
11296355,/oprema-za-bazene/plosca-pred-bazen-oglas-11296355,PloĹˇÄŤa za pred bazen
10530324,/napihljivi-colni/otroski-colnicek-oglas-10530324,OtroĹˇki ÄŤolniÄŤek
11431063,/montazni-bazeni/bazen-intex-488-x-122-oglas-11431063,Bazen Intex 488 x 122
11431046,/napihljivi-bazeni/bazen-oglas-11431046,bazen
11210579,/oprema-za-bazene/varnostna-lestev-bazen-oglas-11210579,varnostna lestev za bazen
9894593,/oprema-za-bazene/solarni-grelec-oglas-9894593,Solarni grelec
11323178,/oprema-za-bazene/solinator-intex-bazene-oglas-11323178,Solinator intex za bazene
11430265,/oprema-za-bazene/bestway-stopnice-bazen-oglas-11430265,Bestway stopnice za bazen
879623,/oprema-za-bazene/mehcalna-naprava-vodo-oglas-879623,MEHÄŚALNA NAPRAVA ZA VODO
3733844,/napihljivi-colni/napihljivi-kayak-aqua-marina-memba-390-oglas-3733844,Napihljivi kayak  Aqua Marina MEMBA 390
11429401,/masazni-bazeni/jacuzzi-intex-oglas-11429401,jacuzzi intex-pure-spa-bubble&amp;jet-whirlpool
11326055,/oprema-za-bazene/pumpa-bazen-oglas-11326055,Pumpa za bazen
11429241,/oprema-za-bazene/bazen-samograditelje-oglas-11429241,Bazen za samograditelje
932966,/napihljivi-program-drugo/batarijska-akumolulatorska-tlacilka-oglas-932966,Batarijska akumolulatorska tlaÄŤilka
10479724,/masazni-bazeni/masazni-bazen-lay-z-spa-bestway-60007-4-osebe-oglas-10479724,MasaĹľni bazen Lay-Z-SpaÂ® Bestway 60007 za 4 osebe
11304122,/oprema-za-bazene/grelnik-vode-bojler-80l-letni-soncno-energijo-oglas-11304122,Grelnik vode (bojler 80l) Letni na sonÄŤno energijo.
11427795,/napihljive-blazine/napihljiva-blazina-vodo-oglas-11427795,napihljiva blazina za na vodo
11326717,/montazni-bazeni/montazni-bazen-intex-366-x-99-cm-oglas-11326717,MontaĹľni bazen INTEX 366 x 99 cm
9846434,/napihljivi-colni/napihljiv-coln-oglas-9846434,Napihljiv kopalni ÄŤoln
9878821,/montazni-bazeni/bazen-kovinsko-konstrukcijo-intex-graphite-gray-panel-478x124-cm-oglas-9878821,Bazen s kovinsko konstrukcijo INTEX graphite gray panel 478x124 cm
8101926,/napihljivi-program-drugo/otroski-resilni-jopic-prodam-oglas-8101926,OtroĹˇki reĹˇilni jopiÄŤ prodam
11325600,/napihljivi-colni/napihljiv-coln-fishman-350-oglas-11325600,napihljiv ÄŤoln fishman 350
11013121,/napihljivi-colni/napihljiv-coln-oglas-11013121,napihljiv ÄŤoln
11097541,/oprema-za-bazene/prodam-lestev-bazen-visine-122cm-oglas-11097541,Prodam novo lestev za bazen viĹˇine 122cm
9386734,/napihljivi-colni/solemar-offshore-b22-oglas-9386734,SOLEMAR OFFSHORE B22
11319333,/masazni-bazeni/masazni-bazen-lay-z-spa-oglas-11319333,MasaĹľni bazen LAY-Z-SPA
11119689,/montazni-bazeni/intex-bazen-457-x-107-cm-pescenim-filtrom-sesalcem-lestvijo-oglas-11119689,"Intex bazen 457 x 107 cm s peĹˇÄŤenim filtrom, sesalcem, lestvijo,.."
11334355,/montazni-bazeni/bazen-bestway-pro-max-366x100cm-nov-oglas-11334355,Bazen bestway pro max 366x100cm nov
11310486,/napihljive-blazine/intex-blazina-v-vodo-party-flamingo-oglas-11310486,Intex Blazina za v vodo Party Flamingo - nerabljena
9678201,/napihljivi-bazeni/napihljivo-bazensko-igrisce-239x206x86cm-akvarij-oglas-9678201,Napihljivo bazensko igriĹˇÄŤe 239x206x86cm Akvarij
7765365,/oprema-za-bazene/crpalka-bazene-swim-0.50-sladko-in-slano-vodo-ibo-oglas-7765365,ÄŚRPALKA ZA BAZENE SWIM-0.50 ZA SLADKO IN SLANO VODO IBO
9678197,/napihljivi-bazeni/napihljiv-bazen-262x157x46cm-oglas-9678197,Napihljiv bazen 262x157x46cm
